{"cameraMode":{"drawMode":0,"name":"Shaded","section":"Shading Mode"},"sceneLighting":true,"audioPlay":false,"sceneViewState":{"m_AlwaysRefresh":false,"showFog":true,"showSkybox":true,"showFlares":true,"showImageEffects":true,"showParticleSystems":true,"showVisualEffectGraphs":true,"m_FxEnabled":true},"in2DMode":false,"pivot":{"x":395.2489013671875,"y":134.93270874023438,"z":2.274477958679199},"rotation":{"x":-0.17177508771419526,"y":-0.045217957347631457,"z":0.00787191279232502,"w":-0.9840932488441467},"size":451.16522216796877,"orthographic":false}